{
    "avg_prec": {
        "train": 0.7778496983752227,
        "test": 0.7318566863149517
    },
    "roc_auc": {
        "train": 0.8400050351337116,
        "test": 0.8099650138877942
    }
}
